{"cameraMode":{"drawMode":0,"name":"Shaded","section":"Shading Mode"},"sceneLighting":true,"audioPlay":false,"sceneViewState":{"showFog":true,"showMaterialUpdate":false,"showSkybox":true,"showFlares":true,"showImageEffects":true,"showParticleSystems":true},"in2DMode":false,"pivot":{"x":-3.7762844562530519,"y":-5.027587890625,"z":5.1330885887146},"rotation":{"x":0.5046691298484802,"y":-0.2745712101459503,"z":0.17322096228599549,"w":0.7999464273452759},"size":17.13928985595703,"orthographic":false}