{"cameraMode":{"drawMode":0,"name":"Shaded","section":"Shading Mode"},"sceneLighting":true,"audioPlay":false,"sceneViewState":{"showFog":true,"showMaterialUpdate":false,"showSkybox":true,"showFlares":true,"showImageEffects":true,"showParticleSystems":true},"in2DMode":false,"pivot":{"x":185.3563690185547,"y":190.68246459960938,"z":-72.39892578125},"rotation":{"x":-0.060280121862888339,"y":0.008710280060768128,"z":-0.0005253417184576392,"w":-0.9981434345245361},"size":1048.273193359375,"orthographic":false}