{"cameraMode":{"drawMode":0,"name":"Shaded","section":"Shading Mode"},"sceneLighting":false,"audioPlay":false,"sceneViewState":{"showFog":true,"showMaterialUpdate":false,"showSkybox":true,"showFlares":true,"showImageEffects":true,"showParticleSystems":true},"in2DMode":false,"pivot":{"x":-0.0000826120376586914,"y":0.8058443069458008,"z":0.06969207525253296},"rotation":{"x":0.25892677903175356,"y":0.16276094317436219,"z":-0.04431210085749626,"w":0.951053261756897},"size":7.842613220214844,"orthographic":false}