{"cameraMode":{"drawMode":0,"name":"Shaded","section":"Shading Mode"},"sceneLighting":true,"audioPlay":false,"sceneViewState":{"showFog":true,"showMaterialUpdate":false,"showSkybox":true,"showFlares":true,"showImageEffects":true,"showParticleSystems":true},"in2DMode":false,"pivot":{"x":-0.3450000286102295,"y":0.7660000324249268,"z":0.0},"rotation":{"x":0.12044177949428559,"y":-0.7380467057228088,"z":0.13682779669761659,"w":0.6496606469154358},"size":0.8573651909828186,"orthographic":false}