{"cameraMode":{"drawMode":0,"name":"Shaded","section":"Shading Mode"},"sceneLighting":false,"audioPlay":false,"sceneViewState":{"showFog":true,"showMaterialUpdate":false,"showSkybox":true,"showFlares":true,"showImageEffects":true,"showParticleSystems":true},"in2DMode":false,"pivot":{"x":2.9802322387695315e-8,"y":0.521204948425293,"z":-1.0},"rotation":{"x":-0.08997819572687149,"y":0.06776780635118485,"z":-0.0061367955058813099,"w":-0.99361652135849},"size":2.350231170654297,"orthographic":false}