{"cameraMode":{"drawMode":0,"name":"Shaded","section":"Shading Mode"},"sceneLighting":false,"audioPlay":false,"sceneViewState":{"showFog":true,"showMaterialUpdate":false,"showSkybox":true,"showFlares":true,"showImageEffects":true,"showParticleSystems":true},"in2DMode":false,"pivot":{"x":0.0,"y":-0.9058095216751099,"z":-7.637499809265137},"rotation":{"x":-0.08997819572687149,"y":0.06776780635118485,"z":-0.0061367955058813099,"w":-0.99361652135849},"size":31.123416900634767,"orthographic":false}