{"cameraMode":{"drawMode":0,"name":"Shaded","section":"Shading Mode"},"sceneLighting":false,"audioPlay":false,"sceneViewState":{"showFog":true,"showMaterialUpdate":false,"showSkybox":true,"showFlares":true,"showImageEffects":true,"showParticleSystems":true},"in2DMode":false,"pivot":{"x":15.238630294799805,"y":1.1754257678985596,"z":-255.66616821289063},"rotation":{"x":-0.19231216609477998,"y":0.0535491481423378,"z":-0.010510193184018135,"w":-0.9798153638839722},"size":3.585725784301758,"orthographic":false}