{"cameraMode":{"drawMode":0,"name":"Shaded","section":"Shading Mode"},"sceneLighting":false,"audioPlay":false,"sceneViewState":{"showFog":true,"showMaterialUpdate":false,"showSkybox":true,"showFlares":true,"showImageEffects":true,"showParticleSystems":true},"in2DMode":false,"pivot":{"x":13.602312088012696,"y":-0.2585407495498657,"z":-250.81008911132813},"rotation":{"x":-0.08997819572687149,"y":0.06776780635118485,"z":-0.0061367955058813099,"w":-0.99361652135849},"size":32.58555221557617,"orthographic":false}