{"cameraMode":{"drawMode":0,"name":"Shaded","section":"Shading Mode"},"sceneLighting":false,"audioPlay":false,"sceneViewState":{"showFog":true,"showMaterialUpdate":false,"showSkybox":true,"showFlares":true,"showImageEffects":true,"showParticleSystems":true},"in2DMode":false,"pivot":{"x":0.09999999403953552,"y":0.5095746517181397,"z":-12.790419578552246},"rotation":{"x":-0.08997819572687149,"y":0.06776780635118485,"z":-0.0061367955058813099,"w":-0.99361652135849},"size":2.087284803390503,"orthographic":false}